,total_return,sharpe_ratio,sortino_ratio,omega_ratio,calmar_ratio,annual_volatility,cvar,downside_risk,max_dd,skewness,kurtosis,max_time_underwater,mean_time_underwater,max_daily_return,min_daily_return,beta,cagr,above,more
Long Only,0.032400659541532484,0.10433749621346036,0.14750027862069054,1.0000000000000016,0.02772342419783573,0.07124770423742328,-0.010018963391353199,0.050398596806766435,-0.17705987078007399,-0.05441162658609122,3.513688859714107,515.0,182.2844272844273,3.01378968241519,-3.14335313314376,1.0000000000000002,0.0,0.0,1.0
MACD,-0.020603729640202295,-0.0307654716004787,-0.043347881676791336,0.9681137099512601,-0.028008663879037315,0.054629001385447316,-0.008322062051060244,0.0387720674153805,-0.11306881120705153,0.04392549052016465,9.22457878187877,,,3.0294666038593,-2.90452087923865,0.15910449683813874,-0.008036165063441736,-0.008075612234350604,0.9486590901585893
Moskowitz,-0.356412828746564,-0.3560331289213333,-0.5045573874146545,0.9331900690969589,-0.13309905581462064,0.15494397972421967,-0.021254407616822374,0.1093338266067281,-0.4879018070066659,0.4293518849500074,4.677932160935017,,,8.079287396676769,-4.42274045016409,-0.013535511667104741,-0.06950678737120486,-0.06984797574888446,0.6233889578676166
TFT,0.056156436938792575,0.15334214559313136,0.2244456734363946,1.0084318845215372,0.045092526210256924,0.07124591821312513,-0.00935106317921482,0.04867548479008389,-0.18684951866723484,0.24334223717672582,3.503181338454697,,,3.14335313314376,-3.01378968241519,-0.7261454965459277,0.0034996322463496377,0.003516810911826207,1.0230102307449218
