,total_return,sharpe_ratio,sortino_ratio,omega_ratio,calmar_ratio,annual_volatility,cvar,downside_risk,max_dd,skewness,kurtosis,max_time_underwater,mean_time_underwater,max_daily_return,min_daily_return,beta,cagr,above,more
Long Only,0.03455483945843829,0.10266332293259102,0.14814908673314,0.9999999999999981,0.025650696297543633,0.09171307410768403,-0.012841626133645376,0.06355468772627684,-0.20390944519962487,0.2922881098648478,5.151678786493627,466.0,156.02264150943395,4.32319485247687,-2.98532169844139,1.0000000000000002,0.0,0.0,1.0
MACD,0.1247827642524435,0.30326067058898254,0.432174951835163,1.0308340772379485,0.18059726930741993,0.06632781987950737,-0.010121394601066274,0.04654276942694407,-0.10009678091289606,0.019861890512384482,6.092780224000881,1653.0,829.5,3.27332114048712,-2.63707296998039,0.12509917375204033,0.012779941595766564,0.012846786048315906,1.087214250373849
Moskowitz,0.08117058048580694,0.154038423711425,0.22190614251282156,1.0157517149813897,0.03336261172414053,0.15440582922819407,-0.021137020591362684,0.10718238926077607,-0.3585344637065907,0.28052464986145026,2.707992350624927,1367.0,598.5924551638838,6.50650626899241,-3.51248025219968,0.07987446179548652,0.006696202902778392,0.0067312268513497475,1.045058743383551
TFT,0.19127609885290275,0.3390555249410917,0.4728353176900811,1.0417147938351718,0.09915579716523755,0.09169406808109855,-0.013230223540193976,0.06575096915158637,-0.27474110350868375,-0.5489260767456347,5.210546100791036,1043.0,391.8051787916153,2.7999784253749,-4.32319485247687,-0.13250670223768415,0.02189722222875523,0.022011753881444385,1.1514866621053204
