,total_return,sharpe_ratio,sortino_ratio,omega_ratio,calmar_ratio,annual_volatility,cvar,downside_risk,max_dd,skewness,kurtosis,max_time_underwater,mean_time_underwater,max_daily_return,min_daily_return,beta,cagr,above,more
Long Only,0.16973092083311547,0.4403530623112758,0.6449914369096829,0.9999999999999992,0.19087443898283432,0.05856440697242263,-0.007760291556161365,0.03998350129470219,-0.1276602825773992,0.19065886362518505,1.8416281529596663,3.0,,2.10622255171539,-1.6031305224938601,1.0,0.0,0.0,1.0
MACD,0.050178673597814694,0.21597381966595877,0.30502288300469615,0.9214234183913612,0.11488616523631319,0.038186721638609186,-0.005585112130006254,0.027038404632363823,-0.06569042821454839,0.02120873894191736,4.252229187986023,,,1.3772402804124,-1.3309437984875498,0.13471171770995055,-0.016420054564765252,-0.016820163427050394,0.8977950867964127
Moskowitz,-0.020797414730217678,-0.005337945149638333,-0.007495813449894087,0.9443438717491773,-0.019039133624581168,0.07519961752663472,-0.010439169481051305,0.0535514172429984,-0.16924241825896205,-0.013486060036788962,0.8718278253992331,,,1.92581674389599,-1.78962223643912,0.0393603455318485,-0.026933034302298098,-0.027589313833530804,0.8371178087455929
TFT,0.46676515490047854,1.3663827428871878,2.0514644167563088,1.1372349713867373,1.1461048813842414,0.04375636057518103,-0.005923146079207718,0.029144027794550238,-0.052865203792244075,-0.04446776244599829,1.3755276623515513,3.0,,1.45986278568295,-1.23871834613408,0.2151806304129014,0.03536035454592046,0.03622198330431248,1.2539338139884402
