,total_return,sharpe_ratio,sortino_ratio,omega_ratio,calmar_ratio,annual_volatility,cvar,downside_risk,max_dd,skewness,kurtosis,max_time_underwater,mean_time_underwater,max_daily_return,min_daily_return,beta,cagr,above,more
Long Only,0.89698208021076,0.5969423269714199,0.8235399554381881,0.9999999999999989,0.32274936589028436,0.20709802932300533,-0.03231101513220758,0.15011485322468857,-0.33289832288034377,-0.5596441448770699,11.825411784599357,1.0,,9.79075327708979,-10.82706316966619,1.0,0.0,0.0,1.0
MACD,0.22128786369509812,0.2999378780498129,0.4099628902289648,0.8689392779248852,0.15433409244650478,0.13033835779472108,-0.020834044540485482,0.09535841266903988,-0.20112304215524274,-0.6379871746312943,18.96348799958274,319.0,123.99280575539568,6.9917790668064805,-8.72211771210253,-0.10213104865904382,-0.06899009662008715,-0.07640258043446058,0.643805693493641
Moskowitz,0.021069795478937392,0.09529553440515116,0.12408560326293329,0.8728120039352227,0.00974386243496563,0.1459384421979695,-0.023562348513896006,0.11207812569554661,-0.32774000520596797,-1.119783044353208,6.085544397758438,448.0,175.25984251968504,3.8357537127208805,-7.145580944360611,0.044352137786138376,-0.09413513399969908,-0.10424926909040821,0.5382601164927682
TFT,1.2039677570334892,0.8200623137283914,1.1597677916846656,1.0182133804471114,0.4923132648370715,0.1716172465994017,-0.02635085599702026,0.12134915052052662,-0.27266916031381744,-0.2750442665154919,4.388504015481977,1.0,,6.8533149310680095,-5.61403311171352,0.7331231050390462,0.024196214731197374,0.026795921918908228,1.1618284537451309
