,total_return,sharpe_ratio,sortino_ratio,omega_ratio,calmar_ratio,annual_volatility,cvar,downside_risk,max_dd,skewness,kurtosis,max_time_underwater,mean_time_underwater,max_daily_return,min_daily_return,beta,cagr,above,more
Long Only,0.3690742811579599,0.6338699791815883,0.9031904092747005,0.9999999999999978,0.33508287467892234,0.0813299302557872,-0.011841225314061963,0.05707833106805767,-0.14749357189349088,-0.2665166380068498,4.679089043746902,256.0,92.96576319543509,2.70487240619246,-3.72495128147323,1.0,0.0,0.0,1.0
MACD,0.08155387269958947,0.2600297895552684,0.365710551728297,0.8717563794594253,0.10925049677304559,0.05092303803005858,-0.0076645815290844145,0.03620761501108882,-0.10998849110211284,-0.2828366664691271,3.5432933896594663,1365.0,604.7042875157629,1.39939980226698,-1.9070675176010101,0.06619193065964536,-0.03564462385455558,-0.0374062727745097,0.789989182898691
Moskowitz,0.6954839548383789,0.6007732780358471,0.8848539869970519,1.0456346758931725,0.30168487862178067,0.15350103375760152,-0.020684739539847324,0.10421981545838108,-0.2776538577415823,0.07911755257216879,2.016566518969492,1139.0,543.5237698081735,4.7412314374894,-5.2239031438208805,0.03165933855843259,0.03272409159517253,0.03434140030490518,1.2384163358940192
TFT,0.7140654686410213,1.0596257870003325,1.6079245945251501,1.0778875167504955,0.8251653565809324,0.08121394382877085,-0.011108790846126298,0.053520164712933034,-0.10455058934554838,0.3058470221282508,4.581112952571301,721.0,287.6197916666667,3.72495128147323,-3.0606912807858597,0.6870954060773592,0.03511355227378954,0.036848954271332834,1.2519886555689794
