,total_return,sharpe_ratio,sortino_ratio,omega_ratio,calmar_ratio,annual_volatility,cvar,downside_risk,max_dd,skewness,kurtosis,max_time_underwater,mean_time_underwater,max_daily_return,min_daily_return,beta,cagr,above,more
Long Only,1.4841015349030036,0.7151758212986284,1.0031968600333439,0.9999999999999979,0.4424479505432609,0.24492310691857627,-0.036923477898538636,0.1746048967295238,-0.35276018099547063,-0.34263950500399576,5.469317167321692,0.0,,9.70860330549876,-10.842308056722361,1.0,0.0,0.0,1.0
MACD,0.5546660339235889,0.4930305786244569,0.6816760879805921,0.8911414231731761,0.32882192548614486,0.16435728053105791,-0.02629341946671008,0.11887341590846112,-0.21228148457813426,-0.5288150039326464,6.340499464725395,225.0,96.35785953177258,5.07561287885531,-6.51283486153368,0.03518646602438783,-0.07462750020690023,-0.08627521261067628,0.6258464125075683
Moskowitz,0.16578687944449144,0.22868651945195947,0.30395035159766165,0.8559823219763439,0.08255038868798031,0.1560520881546417,-0.024360113654193615,0.11741065179136284,-0.2875030684430738,-0.7456470769783561,2.9920301523304818,90.0,34.37931034482759,3.6184756031981298,-5.9788989766092895,0.011709032202633026,-0.11447716060469504,-0.132344529065753,0.4692992066002696
Bayes,1.282247190339933,0.6860518611160152,0.9652207660071754,0.9970025737816239,0.3723493786437332,0.24930725198020595,-0.036508575305636635,0.1772006055342868,-0.3749798754002084,-0.2911754378314694,5.351024926342152,1.0,,9.70860330549876,-10.842308056722361,0.9395074520394927,-0.005180878708931913,-0.005989499995095571,0.9187415080555665
TFT,1.8578710522901813,0.8065903975275914,1.1378857378758402,1.0166412960798643,0.5164901154059088,0.24485562665859043,-0.03686438650800229,0.1735659308043545,-0.3527601809954711,-0.3396014131970005,5.482574940285004,0.0,,9.70860330549876,-10.842308056722361,0.9825635901989344,0.022592876126340977,0.02611912747824441,1.1504646698758119
