,total_return,sharpe_ratio,sortino_ratio,omega_ratio,calmar_ratio,annual_volatility,cvar,downside_risk,max_dd,skewness,kurtosis,max_time_underwater,mean_time_underwater,max_daily_return,min_daily_return,beta,cagr,above,more
Long Only,0.5922941315438666,0.5793486312792552,0.8275006267780732,0.9999999999999978,0.3689740483977589,0.146635118991991,-0.02157216830047216,0.10266198324978928,-0.2087252991332474,-0.08323716647855446,4.805489835515585,49.0,27.5,5.94766759233407,-4.97872610497007,1.0,0.0,0.0,1.0
MACD,0.024250135575310416,0.0896055388032235,0.12351622427461328,0.8697617949219506,0.01748137361564215,0.10910969004658953,-0.017997962311964252,0.07915423761287069,-0.21902756664806713,-0.19553549150412017,7.6889185387544146,252.0,83.27145922746782,4.90258580129528,-4.216193049482371,0.3809186444593397,-0.0679520424465837,-0.0731853158995277,0.643254355639816
Moskowitz,-0.13908934179093335,-0.06977737673380532,-0.09580580528607764,0.9001640596799853,-0.06427736399461735,0.15956528139423978,-0.02426538892294099,0.1162147400174247,-0.36721282877785044,-0.2877452097713563,3.3254110023765806,655.0,222.1826758147513,5.7554332239799795,-5.936501487549481,-0.004247775248536484,-0.09342280681456838,-0.10061769128307452,0.5406731339104663
Bayes,0.7309041160224272,0.6998862119918144,1.0149524968268926,1.023317523239348,0.31362017838511813,0.14864113901005577,-0.021144587846680517,0.1024992638110038,-0.28948341802811545,0.026533674391721485,4.716047182419219,88.0,40.38317757009346,5.94766759233407,-4.97872610497007,0.7147161124870979,0.018962936612473502,0.020423352358503788,1.0870504900650273
TFT,0.49003212371725624,0.5070832496791208,0.7203797591172888,0.9871084334126744,0.21561550867914442,0.1466579506900748,-0.021738781618648676,0.10323414738683012,-0.30457979568619264,-0.09721897264731862,4.802778050040376,64.0,30.54054054054054,5.94766759233407,-4.97872610497007,0.931852534245474,-0.010531050424243737,-0.011342091043959224,0.9357769360567457
