,total_return,sharpe_ratio,sortino_ratio,omega_ratio,calmar_ratio,annual_volatility,cvar,downside_risk,max_dd,skewness,kurtosis,max_time_underwater,mean_time_underwater,max_daily_return,min_daily_return,beta,cagr,above,more
Long Only,0.7145369130639052,0.5294181726563492,0.7269322389825228,0.9999999999999967,0.2605171911326399,0.200531621673778,-0.03133414765070165,0.14604536573442348,-0.34445346520038345,-0.6163920412303286,13.145747379377287,4.0,,9.79509119567665,-10.37648367952522,1.0,0.0,0.0,1.0
MACD,0.30604343228826614,0.3718812765317274,0.5279720048083224,0.9154164720724414,0.17878446431971876,0.14127656591287385,-0.021304739814773554,0.09950927169854763,-0.24318011076063878,0.12761204541843796,29.7852529397079,904.0,380.0625521267723,9.20827919874561,-9.3890214183912,-0.158192676315875,-0.0424499340248935,-0.04625922339435773,0.7617470480436291
Moskowitz,0.010570774699047547,0.09242040797109895,0.12106283009983602,0.906240957584586,0.0046170119455916135,0.16316426390122665,-0.025745110023031852,0.12456100541858921,-0.36332319465238405,-1.047961775100123,5.965620402675865,663.0,275.9794344473008,4.21940463143939,-7.965328667227101,0.05342634497692405,-0.0808072576495169,-0.08805858170008785,0.5894132503062539
Bayes,0.6817078572291444,0.5322730809960562,0.7291254611869896,1.0030074198979138,0.2491411105471362,0.20536888734640477,-0.0315303647101398,0.14992252530949385,-0.34445346520038345,-0.6253171730428425,12.612549433713253,4.0,,9.79509119567665,-10.37648367952522,0.9888145092560561,0.0021583316777877837,0.0023520118354802833,0.9808525231596824
TFT,0.7472014162241201,0.5443934118724548,0.7515142499004418,1.0029313306718863,0.2700481699013376,0.2005252269010147,-0.031001440235784373,0.14525953759839327,-0.34445346520038356,-0.5685658726742102,13.14316827328717,8.0,7.0,9.79509119567665,-10.37648367952522,0.9201383015607802,0.003012636560889348,0.0032829786636292546,1.0190515018436337
