,total_return,sharpe_ratio,sortino_ratio,omega_ratio,calmar_ratio,annual_volatility,cvar,downside_risk,max_dd,skewness,kurtosis,max_time_underwater,mean_time_underwater,max_daily_return,min_daily_return,beta,cagr,above,more
Long Only,0.5922941315438666,0.5793486312792552,0.8275006267780732,0.9999999999999978,0.3689740483977589,0.146635118991991,-0.02157216830047216,0.10266198324978928,-0.2087252991332474,-0.08323716647855446,4.805489835515585,49.0,27.5,5.94766759233407,-4.97872610497007,1.0,0.0,0.0,1.0
MACD,0.11216168610639166,0.20367972880645968,0.28249196252674286,0.8901301123497409,0.08504719004616292,0.10897454761360682,-0.01780110224536747,0.07857181530481537,-0.19269660494750013,-0.1815352427579171,7.500892695033285,258.0,117.75745526838966,4.90258580129528,-4.216193049482371,0.3809186444593397,-0.056290727451537625,-0.060625913842007106,0.6984649783442051
Moskowitz,-0.12120020814321564,-0.04799116311111816,-0.06592406713107368,0.90036043975555,-0.053271995275628585,0.15639313689196868,-0.023872582333237424,0.11385050814779213,-0.36721282877784983,-0.29670569189875245,3.573849836270053,680.0,244.92488687782804,5.7554332239799795,-5.936501487549481,-0.004260291125809648,-0.08967047698534336,-0.09657637870403135,0.5519079512054171
Bayes,0.7309041160224272,0.6998862119918144,1.0149524968268926,1.023317523239348,0.31362017838511813,0.14864113901005577,-0.021144587846680517,0.1024992638110038,-0.28948341802811545,0.026533674391721485,4.716047182419219,88.0,40.38317757009346,5.94766759233407,-4.97872610497007,0.7147161124870979,0.018962936612473502,0.020423352358503788,1.0870504900650273
TFT,0.49003212371725624,0.5070832496791208,0.7203797591172888,0.9871084334126744,0.21561550867914442,0.1466579506900748,-0.021738781618648676,0.10323414738683012,-0.30457979568619264,-0.09721897264731862,4.802778050040376,64.0,30.54054054054054,5.94766759233407,-4.97872610497007,0.931852534245474,-0.010531050424243737,-0.011342091043959224,0.9357769360567457
