,total_return,sharpe_ratio,sortino_ratio,omega_ratio,calmar_ratio,annual_volatility,cvar,downside_risk,max_dd,skewness,kurtosis,max_time_underwater,mean_time_underwater,max_daily_return,min_daily_return,beta,cagr,above,more
Long Only,0.4187716830306307,0.4025748266541366,0.585694087201947,0.999999999999999,0.21400857408340146,0.1687681799938533,-0.023188502542183652,0.11600223101165319,-0.25786146525822456,0.13088537792955518,3.475007717583944,0.0,,7.26108858947405,-6.03424001387467,1.0,0.0,0.0,1.0
MACD,0.0773917239644406,0.15633171207237423,0.21943549595861678,0.9216772991853358,0.057247970390046685,0.11485518066795032,-0.017624660744467155,0.08182590038937342,-0.1995173289958431,-0.17210490512383242,4.2301085175066255,363.0,181.5989010989011,4.2411854567333,-4.51394972213025,0.3128342833930818,-0.041473884115643234,-0.04376260234831397,0.7593834419242353
Moskowitz,-0.07234585076923117,0.0008504323959319919,0.0011869857517293023,0.9268375147288013,-0.038130384907583144,0.15212391616423449,-0.0217199413966637,0.10899128849156658,-0.2983528971809824,-0.05620338841155423,2.4989940831706225,304.0,97.40710382513662,6.12510151659866,-5.21177857892485,-0.07198577846006532,-0.06307984170606418,-0.06656087529877264,0.6538431520209169
TFT,0.6534006247572879,0.5419931415817459,0.7875568644052042,1.0243821075329038,0.3624508670451933,0.1687241013470037,-0.023534212034514366,0.11611517832262719,-0.22148436784753658,0.06987217686400155,3.4823961002729815,2.0,,7.26108858947405,-6.03424001387467,0.6189693966573449,0.023780329543042544,0.025092636672326973,1.1653747001952193
