,total_return,sharpe_ratio,sortino_ratio,omega_ratio,calmar_ratio,annual_volatility,cvar,downside_risk,max_dd,skewness,kurtosis,max_time_underwater,mean_time_underwater,max_daily_return,min_daily_return,beta,cagr,above,more
Long Only,0.05818940835374442,0.15626092522165497,0.22584980417023098,1.000000000000004,0.059722976747332394,0.07228378398021772,-0.009797582526548922,0.05001169252623093,-0.14606369016384546,0.1806614829191274,1.8905397960661627,440.0,203.17282608695652,2.85438213496713,-1.8046549598228798,1.0,0.0,0.0,1.0
MACD,0.22638779542689957,0.6240662680386154,0.9197816994570345,1.0745090765529144,0.4010514498590681,0.05198845719146418,-0.007252850589082875,0.03527385082755489,-0.07874441639085282,0.09091948687782551,1.7176511850177651,1653.0,829.5,1.51428749171509,-1.51953614037914,0.03209356996111455,0.02265953673113974,0.022857203990572783,1.1589492256729599
Moskowitz,0.12114502819868567,0.1901869267254808,0.27338854316019956,1.0193648472460684,0.06663885930797393,0.15348219052410358,-0.020291039949654605,0.10677223626656915,-0.26373287086996033,0.05973790721307365,1.3684223373004474,1343.0,589.4914826498423,5.29887836302222,-4.62669306516691,0.08204321843786005,0.008774952252318613,0.008851499305506438,1.059493715726075
TFT,0.24939167015366448,0.5093861721323186,0.7371735308035404,1.0608261347859094,0.20813517660265235,0.0722500783900415,-0.009783138785318661,0.049924731870454764,-0.16711994649824743,-0.0534144784697627,1.908082101538799,1616.0,811.0,2.08525470165161,-2.85438213496713,-0.04263445500388722,0.025834814858487265,0.026060181206953636,1.1806881266156113
